{
  "additionalFiles": "",
  "builtInLibrariesFolders": "D:\\Arduino\\libraries",
  "builtInToolsFolders": "D:\\Arduino\\tools-builder,D:\\Arduino\\hardware\\tools\\avr,C:\\Users\\29180\\AppData\\Local\\Arduino15\\packages",
  "compiler.optimization_flags": "",
  "customBuildProperties": "build.path=c:\\Users\\29180\\Desktop\\JOYStick\\bulid,build.warn_data_percentage=75,runtime.tools.arduinoOTA.path=D:\\Arduino\\hardware\\tools\\avr,runtime.tools.arduinoOTA-1.3.0.path=D:\\Arduino\\hardware\\tools\\avr,runtime.tools.avr-gcc.path=D:\\Arduino\\hardware\\tools\\avr,runtime.tools.avr-gcc-7.3.0-atmel3.6.1-arduino7.path=D:\\Arduino\\hardware\\tools\\avr,runtime.tools.avrdude.path=D:\\Arduino\\hardware\\tools\\avr,runtime.tools.avrdude-6.3.0-arduino17.path=D:\\Arduino\\hardware\\tools\\avr",
  "fqbn": "arduino:avr:uno",
  "hardwareFolders": "D:\\Arduino\\hardware,C:\\Users\\29180\\AppData\\Local\\Arduino15\\packages",
  "otherLibrariesFolders": "C:\\Users\\29180\\Documents\\Arduino\\libraries",
  "runtime.ide.version": "10815",
  "sketchLocation": "c:\\Users\\29180\\Desktop\\JOYStick\\JOYStick.ino"
}